timestamp,accel_1,accel_2,accel_3,accel_4,accel_5,accel_6,accel_7,accel_8,accel_9,accel_10,accel_11,accel_12,accel_13,accel_14,accel_15,accel_16,temp_TWN,temp_TWC,temp_TWS,temp_TP,temp_TS,humidity,wind_speed_m_s,gps_lat,gps_lon,sensor_status,sampling_rate_hz,battery_voltage,traffic_count,vehicle_loop,damage_label,maintenance_flag,event_type,operator_notes
1998-08-04 00:00:00,0.02392,0.031783,-0.023136,0.014764,0.04118,-0.017107,0.024013,0.011239,0.01921,-0.015128,0.038104,-0.013393,0.012813,-0.001265,0.010733,-0.019668,15.099343,14.972347,15.129538,15.304606,14.953169,58.499,0.385,26.750007,85.333345,OK,1,12.589,1,0,0,0,normal,
1998-08-04 00:00:01,-0.024547,0.005741,-0.007345,-0.008026,0.010896,-0.029894,0.024138,0.00239,0.015257,0.010547,0.01165,-0.023969,0.023294,0.005458,-0.0095,-0.002506,14.956665,15.319335,15.15698,14.909598,15.112005,58.212,2.8,26.750015,85.333314,OK,1,12.617,0,0,0,0,normal,
1998-08-04 00:00:02,0.007243,0.003605,0.011945,0.033068,-0.020733,0.015005,-0.002146,0.022851,0.032513,0.003922,0.012416,0.024321,0.019965,0.025135,-0.005962,-0.010338,14.914301,14.913839,15.055377,14.624329,14.662001,58.037,2.211,26.749992,85.333342,OK,1,12.61,0,0,0,0,normal,
1998-08-04 00:00:03,-0.022723,-0.003907,-0.001683,-0.002872,0.009845,0.010365,-0.001309,0.006935,0.016535,-0.015976,0.018664,-0.012227,0.028782,0.003325,0.001282,-0.035794,14.89802,14.807911,15.073326,14.828872,14.728016,57.619,3.611,26.750003,85.333337,OK,1,12.583,0,0,0,0,normal,
1998-08-04 00:00:04,0.013158,0.001901,0.003483,-0.001862,0.012504,0.016509,0.00968,0.026341,-0.014386,-0.011857,0.008134,0.013236,0.010334,-0.025751,-0.02405,-0.003696,15.307098,14.968813,15.027474,14.729019,14.905092,60.42,3.027,26.749994,85.333335,OK,1,12.617,0,0,0,0,normal,
1998-08-04 00:00:05,-0.035785,0.005218,-0.001497,-0.018289,-0.011035,0.002195,-0.02987,-0.012068,-0.005268,-0.005996,-0.005421,0.027181,0.018971,-0.012863,-0.020744,-0.008267,15.039644,14.787261,15.092599,14.897332,14.959121,59.554,2.164,26.749998,85.333338,OK,1,12.606,0,0,0,0,normal,
1998-08-04 00:00:06,0.024543,-0.042546,0.001672,-0.006161,0.023967,0.019623,-0.029363,0.023933,-0.046675,0.012246,0.014041,0.033703,0.004547,-0.013289,-0.020167,0.029205,14.900608,15.391405,15.01825,14.809407,15.185458,61.418,3.764,26.750005,85.333336,OK,1,12.603,0,0,0,0,normal,
1998-08-04 00:00:07,0.033942,-0.00897,0.000444,0.027266,0.015381,-0.003736,-0.015193,-0.016826,0.019067,-0.00734,-0.008132,0.012238,0.001612,0.007789,-0.006481,-0.007312,14.78027,15.066211,14.632504,14.758801,15.063811,59.657,3.837,26.750003,85.333331,OK,1,12.589,0,0,0,0,normal,
1998-08-04 00:00:08,-0.014689,0.014179,0.001701,0.005863,-0.020395,0.013914,0.006242,0.014606,0.006903,0.00572,-0.036403,0.022755,-0.026409,0.020742,-0.001456,-0.032134,15.17562,15.0622,15.004797,14.967706,14.732222,56.535,3.705,26.750016,85.333344,OK,1,12.577,0,0,0,0,normal,
1998-08-04 00:00:09,-0.001723,-0.030005,0.02216,-0.010315,-0.020824,0.013217,-0.000847,0.010403,-0.002278,0.023133,-0.00803,-0.031518,-0.021886,0.008704,-0.013156,0.025668,14.887444,14.939285,15.242837,15.100136,14.678805,60.823,3.11,26.750001,85.333342,OK,1,12.59,0,0,0,0,normal,
1998-08-04 00:00:10,-0.023414,0.020364,-0.008661,0.026151,0.010113,0.00385,0.013288,0.024533,-0.001016,-0.03754,0.024001,-0.005425,0.051198,-0.012054,-0.007616,0.014889,15.099714,14.957881,14.899513,15.157233,15.241097,57.129,2.278,26.75002,85.333324,OK,1,12.59,0,0,0,0,normal,
1998-08-04 00:00:11,0.015232,0.008452,-0.011199,-0.023204,-0.013542,-0.030333,0.041269,-0.020492,-0.005881,0.013849,0.000104,-0.011827,-0.002972,-0.012172,-0.005089,0.007811,15.224637,14.870537,14.976538,15.104633,15.23349,60.514,2.686,26.749993,85.333334,OK,1,12.615,0,0,0,0,normal,
1998-08-04 00:00:12,-0.020734,0.021609,0.001454,-0.01167,-0.006313,0.023349,0.016368,0.004799,-0.012009,0.011365,0.000283,0.034913,-0.000751,0.033676,0.003897,-0.020737,14.946027,15.00473,14.820595,14.802621,15.204367,59.052,2.167,26.750003,85.333328,OK,1,12.565,0,0,0,0,normal,
1998-08-04 00:00:13,0.065934,-0.028939,-0.039534,-0.041495,0.054794,0.04248,0.00288,0.008683,0.005018,-0.035413,0.029177,0.026557,-0.024622,0.006514,-0.001468,-0.004223,15.316589,15.030939,15.246048,15.117669,14.916317,60.576,2.677,26.750007,85.333332,OK,1,12.627,0,0,0,0,normal,
1998-08-04 00:00:14,-0.013582,-0.002246,-0.010537,0.021285,-0.000553,-0.013851,-0.000504,-0.002826,-0.003668,0.013542,-0.005533,-0.011422,-0.027202,-0.000172,0.024907,-0.002476,15.121098,15.356426,15.041653,15.361747,14.524869,58.079,2.024,26.750011,85.333326,OK,1,12.628,0,0,0,0,normal,
1998-08-04 00:00:15,-0.010036,-0.015145,-0.034477,0.023529,0.009694,0.015393,0.005021,-0.016107,-0.006337,-0.010011,-0.008337,-0.008215,0.022096,0.040434,-0.017445,-0.003384,15.216674,15.069703,14.992492,15.070645,14.654779,61.429,2.364,26.749991,85.333331,OK,1,12.585,0,0,0,0,normal,
1998-08-04 00:00:16,0.004336,-0.019609,0.001056,0.007033,-0.00156,0.012541,0.000007,-0.057317,-0.01921,0.028648,0.010406,-0.057023,-0.030203,0.014436,-0.011523,-0.054045,15.011831,15.127188,15.351344,14.952111,14.894067,60.336,4.215,26.749998,85.333324,OK,1,12.625,0,0,0,0,normal,
1998-08-04 00:00:17,0.021188,0.014477,-0.016586,0.024901,-0.015828,-0.012458,-0.009714,-0.037909,0.008254,0.010402,-0.009171,0.014125,-0.031823,0.013722,0.006508,-0.013814,14.958883,15.242315,15.124985,14.953283,15.161888,59.78,2.749,26.750001,85.333326,OK,1,12.577,0,0,0,0,normal,
1998-08-04 00:00:18,0.008282,-0.017632,0.022102,0.010541,0.007273,-0.009247,0.015504,0.024074,0.032138,-0.010906,0.016371,0.027909,-0.004861,0.028109,0.003177,-0.020373,15.082117,15.25643,14.922291,14.997169,14.98428,57.772,2.156,26.750019,85.333332,OK,1,12.62,0,0,0,0,normal,
1998-08-04 00:00:19,-0.014199,-0.028868,-0.000778,-0.003204,0.003768,0.027234,-0.000329,-0.005343,-0.00399,-0.037067,0.013669,-0.003016,0.001607,-0.004015,0.002548,-0.026235,14.773462,15.125389,15.118376,15.067187,15.019247,63.047,1.62,26.750004,85.333321,OK,1,12.58,0,0,0,0,normal,
1998-08-04 00:00:20,-0.000022,-0.012081,0.000699,-0.020299,0.009571,0.000428,-0.02591,0.018927,-0.010287,-0.007172,0.015964,0.021468,-0.009318,0.00223,0.013639,0.025265,14.786551,14.985496,15.001082,14.90917,15.037368,58.989,2.42,26.750006,85.333325,OK,1,12.617,0,0,0,0,normal,
1998-08-04 00:00:21,0.001774,0.009435,-0.018279,-0.030246,0.011098,-0.016139,-0.018487,0.012828,-0.002949,0.004551,-0.025665,-0.018221,0.032612,-0.01316,-0.004066,0.004747,15.153892,15.450319,15.107997,15.124592,15.058193,60.761,3.096,26.750009,85.333318,OK,1,12.568,0,0,0,0,normal,
1998-08-04 00:00:22,-0.021399,0.027056,0.00015,-0.004728,0.021362,0.018236,0.03934,-0.008741,0.043866,0.012923,0.033808,0.019716,-0.01284,-0.016674,-0.036082,-0.040212,14.692781,15.071232,15.088581,15.569184,15.038063,58.96,2.609,26.75,85.333343,OK,1,12.618,0,0,0,0,normal,
1998-08-04 00:00:23,-0.012245,0.02534,-0.009963,-0.013529,0.013993,-0.017231,0.036811,-0.005233,0.018614,-0.004001,0.000492,0.022542,0.004587,0.029876,-0.015666,-0.025981,15.140294,15.073042,14.846249,15.308549,15.230371,66.067,2.457,26.750002,85.333332,OK,1,12.622,0,0,0,0,normal,
1998-08-04 00:00:24,-0.034987,0.025099,0.018032,-0.005313,0.005975,0.021389,-0.003805,-0.035201,-0.034946,-0.021893,0.002044,-0.018832,0.02067,-0.025472,-0.013869,-0.036427,15.241637,14.901553,15.363989,14.80306,15.200802,60.643,2.84,26.750013,85.333325,OK,1,12.567,1,0,0,0,normal,
1998-08-04 00:00:25,-0.008904,0.000142,0.021555,0.0024,0.014818,0.020102,0.007845,-0.017932,0.008092,0.029756,-0.006299,0.011093,0.010577,-0.00738,0.018747,-0.007694,15.524963,14.888765,14.973612,15.106802,14.986177,59.514,2.815,26.749988,85.333323,OK,1,12.631,0,0,0,0,normal,
1998-08-04 00:00:26,0.009061,-0.004787,0.000873,0.018671,-0.038939,0.01234,0.014143,-0.011498,-0.000627,-0.019524,-0.01598,0.005419,0.052503,0.013279,-0.016966,0.015516,14.780177,15.104022,14.877848,15.185028,14.906424,61.362,3.064,26.74999,85.333337,OK,1,12.616,0,0,0,0,normal,
1998-08-04 00:00:27,0.011618,-0.034537,-0.006318,-0.002851,0.002362,-0.00063,0.002955,-0.018703,-0.006503,-0.005316,0.023199,-0.01395,-0.00489,-0.00712,0.031748,0.013303,15.403729,14.937091,15.02933,15.256446,14.847569,61.596,3.086,26.749997,85.333343,OK,1,12.556,0,0,0,0,normal,
1998-08-04 00:00:28,-0.018674,0.007949,-0.020232,0.005211,0.027321,-0.039126,-0.020164,0.003117,-0.00792,0.004279,-0.001667,-0.033616,0.01244,-0.026697,0.00411,-0.00909,15.142662,15.358599,14.775674,15.134097,15.149147,61.08,2.429,26.750005,85.333337,OK,1,12.586,0,0,0,0,normal,
1998-08-04 00:00:29,0.048021,-0.002418,0.00702,0.011079,0.006752,-0.000534,-0.019811,-0.002236,-0.037318,0.009751,0.05841,0.003534,0.00679,-0.031038,-0.016319,0.017897,15.256959,14.853204,14.836503,15.204982,15.159991,60.02,2.389,26.749983,85.333339,OK,1,12.616,0,0,0,0,normal,
1998-08-04 00:00:30,-0.028946,-0.01456,0.011357,0.016182,-0.002181,0.002454,0.002407,-0.024667,-0.001467,0.004838,-0.001768,-0.038511,0.030713,-0.021867,0.001443,0.006436,15.154111,15.173302,14.968008,15.150464,15.162627,61.184,2.501,26.750012,85.333334,OK,1,12.609,0,0,0,0,normal,
1998-08-04 00:00:31,-0.009096,0.00489,-0.015505,0.042942,-0.00521,0.01798,-0.021853,0.014426,-0.014344,-0.027863,-0.021302,-0.016958,0.002229,0.057516,0.054714,-0.006437,14.964556,15.480581,15.202193,14.869166,15.238737,60.307,2.948,26.74999,85.333317,OK,1,12.597,0,0,0,0,normal,
1998-08-04 00:00:32,0.231163,0.17876,0.182631,0.203216,0.247035,0.194972,0.276761,0.166834,0.211066,0.249708,0.234735,0.064748,0.219169,0.24746,0.217849,0.234624,14.915898,15.268252,15.342554,14.946698,15.30351,60.52,3.397,26.75001,85.333334,OK,1,12.613,1,1,0,0,vehicle_pass,vehicle detected by loop
1998-08-04 00:00:33,0.000062,0.010595,-0.015213,-0.023945,0.041191,0.003751,0.018767,0.00419,0.021006,0.001584,0.011742,-0.022191,-0.035302,-0.00953,-0.028516,-0.04234,15.196794,15.27865,15.493596,15.06516,14.963491,59.397,2.231,26.749986,85.333337,OK,1,12.577,0,0,0,0,normal,
1998-08-04 00:00:34,0.006035,-0.035387,0.01899,0.028824,-0.02886,0.005773,0.037159,-0.00944,0.012217,0.047858,-0.033543,-0.020386,0.011282,0.043449,-0.014224,0.048715,14.939732,14.954473,15.102215,15.185866,15.172973,58.397,2.369,26.75,85.333349,OK,1,12.595,0,0,0,0,normal,
1998-08-04 00:00:35,0.002639,-0.039345,0.03181,-0.009272,0.008971,-0.033183,-0.015065,-0.029937,-0.03206,0.001961,0.011336,-0.010935,-0.028743,-0.025522,0.007433,0.002214,15.286463,15.123627,15.411734,15.068095,15.665061,61.455,1.849,26.749992,85.333337,OK,1,12.577,0,0,0,0,normal,
1998-08-04 00:00:36,0.007761,0.031168,0.011507,0.008181,0.047374,-0.005496,0.047674,0.028478,-0.005959,0.016097,-0.004304,-0.028728,-0.000161,-0.029343,0.004659,0.01601,15.249546,14.952981,14.910234,15.220907,15.07972,61.536,1.304,26.750012,85.333338,OK,1,12.597,0,0,0,0,normal,
1998-08-04 00:00:37,-0.004338,0.004619,0.004288,0.016887,0.00179,-0.006295,0.015979,0.003171,-0.042711,-0.007006,-0.010343,0.002949,0.0008,-0.039007,-0.029834,-0.019057,15.270592,15.22244,15.113227,14.958434,14.824823,62.589,1.51,26.749998,85.33333,OK,1,12.614,0,0,0,0,normal,
1998-08-04 00:00:38,0.001289,0.021477,-0.032073,-0.013442,-0.000969,-0.018628,0.001748,0.012805,-0.015136,0.006552,-0.00229,-0.022982,-0.002818,0.009133,0.028275,0.032885,15.041863,15.302445,15.173984,14.882018,15.165802,60.734,1.697,26.749997,85.333328,OK,1,12.609,0,0,0,0,normal,
1998-08-04 00:00:39,-0.011354,-0.012559,0.000808,-0.010854,0.024261,0.002014,0.001105,0.012866,0.003197,0.006105,0.005264,-0.002893,-0.018049,0.03518,-0.018115,0.033085,15.211596,14.957761,15.165278,15.146175,14.905939,60.355,1.967,26.749993,85.333344,OK,1,12.598,0,0,0,0,normal,
1998-08-04 00:00:40,0.006829,-0.012032,0.011097,0.015718,0.034364,-0.026313,-0.0028,0.027544,0.014931,0.00972,0.02957,-0.003599,-0.047961,-0.00733,0.040235,0.00597,15.209451,15.25005,15.354504,15.348654,14.862359,58.582,2.868,26.75001,85.33334,OK,1,12.613,0,0,0,0,normal,
1998-08-04 00:00:41,-0.016849,0.026683,0.016897,0.00294,0.011703,-0.020345,-0.007242,-0.001299,0.021983,-0.010975,-0.000515,0.02882,0.050487,-0.017413,0.002799,-0.030159,14.953682,15.244254,15.244004,15.244257,15.911793,60.654,1.643,26.750002,85.333335,OK,1,12.615,0,0,0,0,normal,
1998-08-04 00:00:42,-0.00029,-0.005802,0.025021,-0.023458,-0.0262,0.030419,-0.012663,0.003949,0.005901,-0.015746,-0.015725,0.022538,0.013541,-0.000314,-0.002736,0.006332,15.258772,15.371707,15.335394,15.274872,15.08154,61.271,2.514,26.749984,85.33334,OK,1,12.629,0,0,0,0,normal,
1998-08-04 00:00:43,0.007644,0.025223,-0.000417,0.00886,0.014364,0.014716,0.028994,-0.000252,-0.011317,-0.007159,0.012817,-0.002162,0.045736,0.000252,-0.019099,0.006454,15.299728,14.993369,15.10057,15.050861,15.164309,58.018,3.17,26.75,85.333321,OK,1,12.616,0,0,0,0,normal,
1998-08-04 00:00:44,0.030776,-0.016315,-0.016892,-0.003736,-0.012918,-0.027004,-0.030816,0.004649,0.014301,-0.014023,-0.00141,0.003699,-0.022105,0.017177,0.004238,0.01049,15.614198,14.777813,15.288518,14.828723,15.05688,62.369,1.836,26.75001,85.333331,OK,1,12.606,0,0,0,0,normal,
1998-08-04 00:00:45,0.013599,0.048515,-0.020492,-0.017855,0.033658,0.013045,0.001381,-0.009562,-0.004638,-0.00425,-0.0299,0.019464,-0.040213,-0.016981,-0.008635,0.04287,15.372382,15.167448,14.939043,15.011531,15.290511,59.715,2.106,26.750007,85.333337,OK,1,12.611,0,0,0,0,normal,
1998-08-04 00:00:46,-0.002016,0.006329,-0.01755,0.017375,0.059038,0.00983,-0.00671,-0.040635,0.013874,-0.019719,-0.015116,0.018634,-0.009473,-0.001883,0.014996,-0.014121,15.011836,15.201201,15.167024,15.027589,15.586698,60.506,1.444,26.749991,85.33334,OK,1,12.597,0,0,0,0,normal,
1998-08-04 00:00:47,-0.025779,0.009286,0.015087,-0.011551,-0.012543,-0.022002,0.01427,0.038378,0.018631,-0.001824,0.014329,-0.016636,0.007368,-0.021705,-0.002444,0.021514,15.288003,14.756191,15.19851,15.028862,15.331706,61.714,1.738,26.749993,85.333316,OK,1,12.587,0,0,0,0,normal,
1998-08-04 00:00:48,0.016241,0.01137,0.008326,-0.014722,0.00285,0.015666,-0.004863,-0.004092,-0.009405,-0.005699,-0.015466,0.000481,-0.006406,-0.029485,0.052019,-0.020749,15.006017,15.141574,15.265519,15.337672,14.924462,60.823,3.596,26.750007,85.333335,OK,1,12.609,0,0,0,0,normal,
1998-08-04 00:00:49,-0.002694,0.001223,-0.010697,-0.001794,-0.016371,0.014544,-0.000445,0.014368,0.029398,-0.005625,0.015469,0.030727,-0.002469,0.013822,-0.009306,0.023944,15.100915,15.072826,15.03715,15.520906,15.248812,62.957,2.904,26.750001,85.333341,OK,1,12.607,0,0,0,0,normal,
1998-08-04 00:00:50,-0.009996,0.014061,0.019902,-0.02358,-0.013334,-0.014144,0.021599,-0.023507,0.006514,0.01453,0.003388,0.025495,-0.038492,0.012158,-0.003635,-0.030103,14.918924,15.354674,15.595532,15.377594,14.867227,61.812,4.22,26.749989,85.333323,OK,1,12.598,0,0,0,0,normal,
1998-08-04 00:00:51,-0.021622,0.031302,0.012644,0.016038,0.019179,-0.027136,0.004915,0.021968,-0.008052,0.027249,-0.012252,0.002495,0.007951,0.015092,-0.005755,0.020242,15.077532,15.427761,15.032845,15.263143,15.329306,60.663,1.91,26.749989,85.333328,OK,1,12.588,0,0,0,0,normal,
1998-08-04 00:00:52,0.00856,-0.032776,0.036731,-0.019157,0.03838,-0.003154,-0.006878,0.007985,-0.013972,-0.037718,-0.002186,0.007501,0.030755,-0.023827,0.011604,-0.002078,14.992262,15.165743,14.529394,14.97277,15.127134,56.223,3.707,26.750003,85.333353,OK,1,12.586,0,0,0,0,normal,
1998-08-04 00:00:53,0.000661,0.019441,-0.010228,0.003351,0.021799,0.020592,-0.024406,-0.012259,-0.002875,0.016279,-0.005024,0.001655,0.025006,-0.006773,0.029463,-0.032109,14.931352,15.50739,14.89488,15.092899,15.207056,62.415,1.917,26.749998,85.333335,OK,1,12.583,0,0,0,0,normal,
1998-08-04 00:00:54,-0.007855,-0.027303,0.002334,0.01502,-0.003224,-0.009489,-0.027192,0.033627,-0.000448,-0.009043,0.031251,-0.007041,-0.018207,-0.014206,-0.017145,-0.021321,15.472414,14.896987,15.416792,15.186206,14.987858,59.168,2.099,26.749986,85.333328,OK,1,12.616,0,0,0,0,normal,
1998-08-04 00:00:55,-0.013869,0.048299,-0.022996,-0.029843,0.005561,-0.001519,0.013201,-0.011082,-0.01737,0.033474,-0.032234,0.007212,0.013806,0.016434,-0.006068,-0.024964,15.279823,15.227214,15.067359,15.201363,15.11034,62.232,4.678,26.749979,85.333356,OK,1,12.614,0,0,0,0,normal,
1998-08-04 00:00:56,0.02999,-0.008911,0.0306,0.007361,-0.009678,0.007869,0.023016,0.001642,-0.014752,-0.035751,-0.008485,0.016153,-0.020207,0.013623,0.000564,0.01491,15.213339,15.323062,15.507839,14.943073,15.617242,61.707,1.832,26.749981,85.333328,OK,1,12.613,0,0,0,0,normal,
1998-08-04 00:00:57,-0.046785,-0.028407,-0.009252,0.037325,-0.015085,-0.002536,0.043015,0.008573,0.017193,-0.012846,0.02358,0.026628,0.010032,-0.00172,0.011189,-0.032514,14.803442,15.163503,15.311523,15.250058,15.06932,60.691,3.769,26.749999,85.333351,OK,1,12.569,0,0,0,0,normal,
1998-08-04 00:00:58,0.021773,-0.016982,-0.005572,0.026351,0.021951,-0.032423,-0.018947,0.012802,-0.034788,0.028387,0.002359,0.028258,-0.014898,-0.013123,0.020683,-0.005927,15.15545,15.098474,15.079201,15.366995,15.268477,62.436,2.474,26.750002,85.333319,OK,1,12.583,0,0,0,0,normal,
1998-08-04 00:00:59,-0.024818,0.011229,-0.031847,0.028843,0.003684,-0.017793,0.022904,0.023256,0.000075,0.045508,0.045047,0.006467,0.021308,0.026176,-0.022698,0.005734,15.061697,15.380199,15.261739,15.362852,15.326205,61.805,1.638,26.749997,85.333334,OK,1,12.585,0,0,0,0,normal,
1998-08-04 00:01:00,-0.013637,-0.016458,0.002432,0.003935,-0.03224,0.006874,-0.005019,0.027958,0.023254,-0.01712,0.026255,0.010719,-0.004366,-0.010244,-0.022953,-0.02436,15.037676,15.091438,15.352933,15.325549,15.199294,61.533,1.355,26.749994,85.333326,OK,1,12.578,0,0,0,0,normal,
1998-08-04 00:01:01,-0.036543,0.000418,-0.041201,-0.01733,0.013137,0.029865,-0.022968,0.012192,-0.006194,-0.010324,0.003093,-0.013097,-0.001684,0.001419,0.023212,0.02755,15.230125,15.462193,15.088346,15.316079,15.166221,58.483,2.584,26.749992,85.333325,OK,1,12.627,0,0,0,0,normal,
1998-08-04 00:01:02,-0.011971,-0.005399,0.016084,-0.003619,0.014287,0.018044,0.020384,0.001756,-0.02327,-0.003358,-0.010146,0.015543,0.030509,0.031073,0.017711,-0.018696,15.166299,15.429591,15.374919,15.372537,15.470931,61.134,1.601,26.749991,85.333324,OK,1,12.598,0,0,0,0,normal,
1998-08-04 00:01:03,0.028063,0.00853,-0.016496,0.017239,-0.004421,-0.038991,-0.019606,-0.001306,-0.002095,-0.021299,0.015021,0.010395,-0.028715,0.052668,-0.024292,-0.009155,15.217201,15.349391,15.150947,15.277834,15.186972,59.227,2.264,26.749997,85.33334,OK,1,12.596,0,0,0,0,normal,
1998-08-04 00:01:04,0.007508,-0.009091,0.029086,-0.003506,-0.018434,0.01229,-0.057988,0.010676,0.025798,-0.046133,-0.00808,-0.032924,0.000263,0.04487,0.004585,-0.004372,15.235554,15.335186,15.052511,15.634632,15.014951,59.464,0.976,26.749987,85.333325,OK,1,12.58,0,0,0,0,normal,
1998-08-04 00:01:05,-0.056487,-0.022122,-0.00266,0.001863,0.006862,0.015362,-0.018113,0.000802,-0.009926,-0.018767,-0.017437,0.010817,-0.051285,-0.037101,0.063344,-0.01329,14.976461,15.450921,15.377631,15.344123,15.344968,60.584,2.784,26.75,85.333338,OK,1,12.606,0,0,0,0,normal,
1998-08-04 00:01:06,0.029377,-0.001293,-0.011231,0.013144,0.001612,-0.003581,-0.00088,0.007881,-0.013764,-0.009637,-0.019551,-0.024149,0.037002,-0.018125,0.019972,-0.007117,15.219983,15.042981,15.237593,15.087,15.417456,63.338,1.266,26.750015,85.33334,OK,1,12.633,0,0,0,0,normal,
1998-08-04 00:01:07,0.01081,-0.000038,-0.035826,0.000579,0.012114,-0.0191,0.046434,0.016244,0.016419,0.018543,-0.046681,0.014097,0.045522,0.015188,-0.005256,-0.022306,15.196143,15.060455,15.161278,15.308141,15.11281,61.707,2.452,26.750001,85.333333,OK,1,12.59,0,0,0,0,normal,
1998-08-04 00:01:08,-0.024237,-0.026639,-0.008009,-0.021363,-0.003039,0.004079,-0.034397,-0.015302,-0.011581,-0.012145,0.000358,0.002496,-0.008486,-0.013449,-0.000412,0.028846,15.064222,15.277404,15.27766,15.127278,15.134459,61.823,1.393,26.749999,85.333321,OK,1,12.584,0,0,0,0,normal,
1998-08-04 00:01:09,-0.029109,0.022634,-0.032673,0.007237,0.020992,-0.02647,0.007015,-0.020925,0.023406,-0.032002,-0.017849,0.002628,0.014229,0.001854,0.009903,-0.010984,15.278177,14.94215,14.950274,15.088078,15.189077,62.349,3.481,26.750004,85.333328,OK,1,12.587,0,0,0,0,normal,
1998-08-04 00:01:10,-0.021822,0.029292,0.009975,-0.009755,-0.033075,0.024463,0.025287,-0.004349,-0.013212,-0.005186,-0.004216,0.015391,-0.022757,-0.011672,-0.003673,0.005168,15.297037,15.529927,15.406388,15.202868,15.231052,59.898,0.812,26.750001,85.333323,OK,1,12.582,0,0,0,0,normal,
1998-08-04 00:01:11,0.017328,0.00622,0.035042,-0.019831,0.029233,-0.019077,-0.007906,0.007744,0.023557,-0.007873,0.00785,-0.006312,-0.045911,-0.000769,-0.024831,0.02543,15.037427,15.234231,15.180202,15.302477,15.072487,58.863,2.274,26.749999,85.333324,OK,1,12.588,0,0,0,0,normal,
1998-08-04 00:01:12,0.025568,-0.01672,-0.019794,-0.01258,0.010648,0.010727,0.068161,-0.006174,0.001827,0.038635,0.005727,-0.021762,0.006839,0.014096,-0.006834,0.015906,15.344869,15.547547,15.219247,15.321342,15.379028,58.613,2.948,26.750005,85.33333,OK,1,12.576,0,0,0,0,normal,
1998-08-04 00:01:13,0.014126,-0.009169,0.031034,-0.015672,0.008746,-0.012042,-0.033858,0.007167,0.038587,-0.001077,-0.029869,0.004441,-0.016374,0.021076,-0.004573,-0.035451,15.163809,15.288872,15.246572,15.263589,15.089452,61.608,2.787,26.750002,85.333328,OK,1,12.57,0,0,0,0,normal,
1998-08-04 00:01:14,0.01017,0.004178,-0.005998,-0.020776,0.035783,-0.009038,0.017942,-0.009265,0.013616,0.001069,0.00056,-0.016529,0.010563,0.028102,-0.020688,-0.016646,15.251998,15.346695,15.537324,15.43895,15.677732,62.758,1.503,26.750007,85.333336,OK,1,12.587,0,0,0,0,normal,
1998-08-04 00:01:15,0.058892,-0.020032,-0.011092,0.027674,0.028277,-0.048562,0.015309,-0.0039,-0.002987,0.023302,-0.006964,-0.010239,-0.006431,-0.006982,0.006947,0.026467,15.096657,15.42459,15.286794,15.688087,15.088466,62.664,1.108,26.749991,85.333324,OK,1,12.589,0,0,0,0,normal,
1998-08-04 00:01:16,0.008551,-0.000257,0.010928,0.015604,0.01156,-0.013346,0.008492,-0.042391,0.030678,0.030622,0.017788,0.024919,-0.001483,-0.01501,-0.025078,0.020163,15.0852,15.133266,14.828365,15.147993,15.101318,60.065,3.125,26.750008,85.33331,OK,1,12.582,0,0,0,0,normal,
1998-08-04 00:01:17,-0.015012,-0.007475,0.004483,-0.000749,0.005295,-0.036162,-0.00467,0.016483,-0.008636,-0.017243,0.019096,-0.008485,0.00369,-0.004209,-0.000009,0.030592,15.286229,15.324501,15.631384,15.446235,15.140769,63.362,2.401,26.750014,85.333326,OK,1,12.616,0,0,0,0,normal,
1998-08-04 00:01:18,0.011439,-0.024436,-0.007442,-0.008252,0.004327,0.018176,0.000637,0.000049,-0.044631,0.026481,-0.003357,0.005173,0.005126,-0.015385,-0.004878,-0.015542,15.07946,15.357527,14.995096,15.625435,15.495031,64.41,1.643,26.750006,85.333337,OK,1,12.595,0,0,0,0,normal,
1998-08-04 00:01:19,0.027667,-0.044477,-0.019066,-0.006441,0.02995,0.014156,-0.032761,-0.00231,0.014427,0.044538,-0.006795,-0.023689,0.006447,-0.000866,0.009266,0.013809,15.168288,14.919497,15.532898,15.239216,15.509687,62.274,3.154,26.749996,85.333336,OK,1,12.602,0,0,0,0,normal,
1998-08-04 00:01:20,0.006399,0.010564,0.032714,-0.005821,-0.024489,0.00628,-0.025627,-0.022432,-0.016442,-0.025015,0.023371,0.000978,0.014136,0.010205,-0.004199,0.01921,14.946206,15.145216,15.26614,15.274487,15.175078,63.61,2.05,26.75,85.33334,OK,1,12.602,0,0,0,0,normal,
1998-08-04 00:01:21,-0.009651,-0.003359,-0.014157,0.028006,-0.002143,0.011961,-0.011629,0.01694,0.015456,-0.03251,0.000083,0.002338,-0.005994,0.027694,-0.024345,-0.008966,15.392616,15.054522,15.23957,15.292105,15.370934,62.705,1.974,26.749992,85.333339,OK,1,12.589,0,0,0,0,normal,
1998-08-04 00:01:22,-0.016987,0.020598,-0.020572,-0.036652,0.008628,-0.002783,0.020807,0.016247,-0.00085,-0.028864,-0.023962,-0.035464,-0.002765,-0.013174,-0.003614,0.003471,15.413311,15.046059,14.964165,15.526523,15.337451,61.068,1.807,26.74998,85.333339,OK,1,12.591,0,0,0,0,normal,
1998-08-04 00:01:23,0.037966,0.011617,0.001427,-0.031296,0.000524,0.017637,0.007817,-0.020957,-0.007529,0.001467,-0.008162,-0.012342,-0.042944,-0.015364,0.005023,0.017502,15.124219,15.584147,15.297051,15.509776,15.28742,60.432,1.892,26.75,85.333337,OK,1,12.569,0,0,0,0,normal,
1998-08-04 00:01:24,0.001523,0.021189,-0.001571,-0.017555,-0.00948,0.00998,-0.005362,-0.01285,-0.031151,-0.017864,-0.007942,-0.011626,-0.019492,0.031148,0.012008,0.043843,15.688981,15.6279,15.227039,15.471146,15.405907,59.026,1.864,26.750006,85.333347,OK,1,12.599,0,0,0,0,normal,
1998-08-04 00:01:25,-0.032104,0.006263,-0.008692,0.000393,0.037015,-0.03479,-0.011454,-0.014963,-0.011401,-0.042214,0.025707,0.026502,0.011638,-0.026768,0.005553,0.01732,15.553459,15.086748,15.416943,15.491418,14.927985,60.796,2.763,26.750001,85.333324,OK,1,12.579,0,0,0,0,normal,
1998-08-04 00:01:26,0.007768,-0.000987,0.028212,-0.014183,-0.003377,0.012512,0.006357,0.011199,0.010671,0.010497,-0.007296,-0.01395,0.002743,0.030224,-0.000497,0.011988,15.045969,14.874775,15.22874,15.42613,15.583093,61.124,3.741,26.750018,85.333336,OK,1,12.573,0,0,0,0,normal,
1998-08-04 00:01:27,0.002249,0.040675,-0.002758,0.012057,-0.014378,-0.022409,-0.000138,0.023622,0.012672,-0.041728,0.014657,-0.030627,0.0168,0.010888,-0.002996,0.014545,15.300314,15.611218,15.009475,14.944819,15.274386,61.174,1.383,26.750008,85.333329,OK,1,12.612,0,0,0,0,normal,
1998-08-04 00:01:28,-0.005283,0.002987,-0.028765,-0.005124,0.018477,-0.026623,0.016372,-0.040374,-0.023792,-0.006296,0.003072,-0.011454,-0.012,0.022143,0.023774,-0.008488,15.365169,15.281817,14.874867,15.270532,15.027462,61.344,2.227,26.749996,85.333334,OK,1,12.559,0,0,0,0,normal,
1998-08-04 00:01:29,-0.007882,-0.005741,0.044355,0.000339,0.03142,0.01464,-0.002097,-0.012948,0.015584,-0.015723,-0.00773,0.013177,-0.004812,-0.007899,-0.006159,-0.013734,15.425136,15.364522,15.103226,15.188428,15.079359,58.089,2.369,26.750005,85.333336,OK,1,12.62,0,0,0,0,normal,
1998-08-04 00:01:30,0.008989,0.000725,-0.027123,-0.009749,-0.007341,-0.007481,0.011982,-0.014044,0.054078,0.027711,0.027615,-0.020674,-0.040612,-0.006781,0.005871,-0.003239,15.281498,15.485062,15.096889,15.394843,15.187982,62.714,2.872,26.74999,85.333348,OK,1,12.618,0,0,0,0,normal,
1998-08-04 00:01:31,-0.010596,-0.03482,-0.013443,-0.004862,-0.009907,-0.010021,-0.015966,0.033097,0.014169,0.01912,0.005455,-0.026702,0.014769,0.026964,0.029881,0.012473,15.138277,15.275445,15.089803,15.186122,15.057276,62.905,3.291,26.749988,85.333336,OK,1,12.58,0,0,0,0,normal,
1998-08-04 00:01:32,0.00002,-0.000038,0.010376,-0.03282,0.012772,-0.009714,0.044189,-0.00601,0.003891,0.002894,-0.013843,0.009146,0.006842,0.020456,0.014409,0.003743,15.6926,15.306707,15.15971,15.342451,15.277189,62.136,2.373,26.75,85.333358,OK,1,12.62,0,0,0,0,normal,
1998-08-04 00:01:33,-0.016376,-0.015794,0.03314,0.001743,0.041531,-0.016365,0.043876,-0.01887,-0.008768,0.008843,0.019951,0.013562,-0.038262,-0.011448,-0.02291,-0.027626,15.258249,15.425277,15.453945,15.196343,15.18728,59.842,1.99,26.749996,85.333321,OK,1,12.567,0,0,0,0,normal,
1998-08-04 00:01:34,-0.000325,-0.042231,0.019998,0.014896,0.032388,-0.021333,-0.019365,0.021043,0.022556,0.026973,0.023083,0.004383,-0.009201,0.0147,-0.008837,0.002106,15.250207,14.844833,15.002179,15.578592,15.634211,62.163,2.962,26.750007,85.333328,OK,1,12.604,0,0,0,0,normal,
1998-08-04 00:01:35,-0.007636,0.005333,0.024841,-0.006989,-0.010028,-0.002123,-0.02358,0.013282,0.00233,-0.000708,0.006573,-0.029479,0.028013,-0.010393,-0.007495,0.017301,15.258169,15.423287,15.370226,15.923752,15.531891,61.663,1.188,26.750011,85.333342,OK,1,12.584,0,0,0,0,normal,
1998-08-04 00:01:36,0.012225,0.039977,-0.019303,-0.018753,-0.023917,0.00267,-0.005412,-0.013906,-0.001313,-0.020643,0.030919,-0.013985,-0.011423,-0.047738,-0.03291,-0.011761,15.285136,15.119612,14.989431,15.351413,15.15945,62.357,0.785,26.750007,85.333325,OK,1,12.548,0,0,0,0,normal,
1998-08-04 00:01:37,-0.00611,0.014388,-0.029912,0.009043,0.012484,0.013539,0.020713,-0.023238,0.010825,0.035303,0.028005,0.037839,0.00482,-0.011837,-0.050608,-0.024855,15.028998,15.184134,15.097139,15.650877,15.489777,63.988,4.572,26.750009,85.333356,OK,1,12.571,0,0,0,0,normal,
1998-08-04 00:01:38,-0.010508,-0.006902,-0.015835,0.006791,0.003896,0.000819,0.015706,-0.009393,0.02192,-0.024076,-0.006072,0.006371,-0.038374,-0.010078,0.014235,-0.008547,15.314567,15.612151,15.331636,15.143905,15.620787,61.41,1.854,26.749996,85.333331,OK,1,12.58,0,0,0,0,normal,
1998-08-04 00:01:39,-0.036452,-0.017747,-0.026902,0.009924,0.002346,-0.031229,-0.032759,-0.014497,0.000626,-0.013437,0.007005,0.006311,0.010646,-0.028267,-0.005516,0.021509,15.426642,15.111411,15.280792,15.143736,15.0423,61.967,2.169,26.749999,85.33333,OK,1,12.599,0,0,0,0,normal,
1998-08-04 00:01:40,-0.013437,-0.016271,-0.009767,-0.010268,0.002429,-0.01163,-0.040396,0.023706,0.010128,0.002982,-0.001883,-0.006454,-0.015999,-0.037552,0.032549,0.000418,15.506778,15.703426,15.041829,15.434136,15.191414,60.414,2.935,26.750001,85.333333,OK,1,12.574,0,0,0,0,normal,
1998-08-04 00:01:41,-0.032222,-0.020523,0.00609,0.005691,-0.01495,-0.021557,-0.011444,-0.038588,-0.009513,-0.0093,0.030533,-0.009014,0.005057,0.031966,-0.021346,-0.012494,15.226784,15.20573,15.151411,15.333913,15.158019,63.11,2.778,26.749999,85.333324,OK,1,12.578,0,0,0,0,normal,
1998-08-04 00:01:42,-0.010788,-0.033492,-0.00523,0.023268,0.016911,0.023645,-0.012676,-0.022584,0.045121,0.004295,-0.032247,0.051208,-0.0018,-0.058947,0.029091,-0.046207,15.380951,15.316812,15.27907,15.145347,15.211506,62.798,3.208,26.750012,85.333337,OK,1,12.594,0,0,0,0,normal,
1998-08-04 00:01:43,0.005768,0.016849,0.013628,0.031122,0.020343,0.037133,-0.00186,-0.008272,-0.006933,0.027473,-0.012788,0.016948,-0.017198,-0.016836,0.023686,0.008733,15.480573,15.429679,15.133984,15.349362,15.479773,62.085,3.25,26.75001,85.333339,OK,1,12.593,0,0,0,0,normal,
1998-08-04 00:01:44,-0.043193,-0.017076,-0.051417,-0.007511,-0.005469,-0.009481,0.02413,0.008261,0.049317,0.010682,0.01105,0.00544,-0.00538,-0.012993,-0.0047,-0.003782,14.998233,15.440786,15.199589,15.446234,15.179462,60.197,1.346,26.749973,85.333342,OK,1,12.581,0,0,0,0,normal,
1998-08-04 00:01:45,-0.001884,0.01272,0.006001,-0.010339,-0.014763,0.004486,-0.018535,-0.008538,-0.010627,0.048521,-0.025484,-0.015853,-0.011112,-0.009039,0.019996,-0.005088,14.97374,15.009208,15.344334,15.386661,15.153853,60.768,3.515,26.750008,85.333335,OK,1,12.576,0,0,0,0,normal,
1998-08-04 00:01:46,-0.026484,0.028618,0.005273,0.00841,0.013017,-0.024641,-0.000138,0.016425,-0.012805,0.006133,0.01087,-0.029199,-0.020649,-0.045696,0.004535,0.037699,15.465022,15.004999,15.324087,15.0951,15.206936,59.062,2.909,26.750022,85.333343,OK,1,12.601,0,0,0,0,normal,
1998-08-04 00:01:47,-0.013844,-0.003854,0.020266,0.005318,-0.019474,0.030526,0.003946,-0.004644,-0.002989,0.011817,-0.012268,0.031432,0.025173,0.00017,0.001232,-0.016921,15.349353,15.16779,15.262962,15.541132,15.224495,60.783,2.802,26.75001,85.333316,OK,1,12.576,0,0,0,0,normal,
1998-08-04 00:01:48,-0.012747,-0.022708,-0.004081,0.001247,-0.031802,0.013778,-0.017418,0.008236,0.016145,0.026141,0.021941,0.033133,0.01631,0.003354,-0.009453,-0.002389,15.509565,15.116485,15.448387,15.63074,14.848097,62.906,2.838,26.750013,85.33334,OK,1,12.558,0,0,0,0,normal,
1998-08-04 00:01:49,0.032589,-0.003957,-0.000103,0.029524,-0.004666,-0.015896,0.022664,-0.01655,0.008076,0.004577,0.006315,-0.048395,0.015609,-0.00119,0.012326,0.010016,15.185584,15.460377,15.304354,15.419192,15.224166,62.451,0.714,26.749987,85.333336,OK,1,12.574,0,0,0,0,normal,
1998-08-04 00:01:50,0.006319,-0.007944,-0.007723,-0.001086,0.003429,-0.00848,0.018859,-0.006557,-0.019597,0.011905,0.037623,-0.023351,-0.002506,0.021278,0.011397,0.012425,15.364801,15.316347,15.581039,15.398367,15.415003,62.114,2.332,26.749983,85.33334,OK,1,12.593,0,0,0,0,normal,
1998-08-04 00:01:51,0.00061,-0.05316,0.005157,0.00747,0.022517,-0.015019,0.033656,-0.006209,-0.009653,-0.014415,0.020927,-0.02192,0.012639,-0.016151,-0.000883,-0.030493,15.26761,15.252464,15.263474,15.428876,15.265789,64.117,1.727,26.750002,85.333327,OK,1,12.579,0,0,0,0,normal,
1998-08-04 00:01:52,0.015708,-0.003001,0.011149,-0.003578,0.010555,-0.000922,0.014813,0.010676,0.003925,-0.018003,-0.008748,-0.015444,0.028574,0.015607,0.000755,-0.011243,15.410426,15.767551,15.526696,15.287267,15.592714,62.363,1.612,26.750007,85.333325,OK,1,12.571,0,0,0,0,normal,
1998-08-04 00:01:53,-0.015795,0.00245,0.036864,0.000119,0.024038,0.005513,0.011251,-0.009518,-0.003941,-0.016616,0.006092,-0.004868,0.007198,-0.019704,0.009115,0.003378,15.273325,14.947315,15.153323,14.980781,15.284637,61.057,2.11,26.750001,85.333344,OK,1,12.556,0,0,0,0,normal,
1998-08-04 00:01:54,0.002737,0.007788,-0.004752,0.076134,0.009369,0.002102,0.014839,-0.010425,-0.011087,0.016007,0.017783,0.023835,-0.028503,-0.002528,0.006593,0.014406,15.361075,15.692679,15.422777,15.313571,15.523272,60.889,3.16,26.749997,85.333323,OK,1,12.578,0,0,0,0,normal,
1998-08-04 00:01:55,0.010532,-0.017022,0.010295,0.006425,0.00637,-0.021929,-0.018689,0.036245,0.019722,-0.001259,-0.000918,0.044457,0.000907,-0.002336,-0.015868,-0.004673,14.917598,15.406948,15.513998,15.064108,15.588576,61.607,2.73,26.750011,85.333334,OK,1,12.585,0,0,0,0,normal,
1998-08-04 00:01:56,-0.033657,0.010416,0.025185,0.025408,-0.014049,-0.045894,0.006785,0.026374,-0.032083,-0.007472,0.007148,-0.016821,-0.034563,-0.014874,-0.011382,-0.037723,15.42994,15.279184,15.488797,15.81638,15.398614,61.295,2.85,26.75002,85.333338,OK,1,12.561,0,0,0,0,normal,
1998-08-04 00:01:57,0.021431,0.031078,0.000591,0.01459,-0.029584,-0.002832,-0.011578,0.008231,-0.05396,-0.006081,0.012568,0.004764,0.015658,-0.011968,-0.056466,0.021978,15.414284,15.272768,15.194671,15.530707,15.193423,63.416,2.143,26.750008,85.333337,OK,1,12.577,0,0,0,0,normal,
1998-08-04 00:01:58,0.015183,0.031375,0.001485,0.008325,0.046585,-0.03702,0.008894,0.024355,0.004252,0.001326,-0.029671,0.029344,0.021379,0.025651,-0.000431,-0.006415,15.381334,15.271489,15.462816,15.433753,15.574528,62.635,2.801,26.750006,85.333339,OK,1,12.558,0,0,0,0,normal,
1998-08-04 00:01:59,-0.000134,0.033986,-0.005206,0.029639,-0.002942,-0.017145,-0.041545,0.011483,0.015362,-0.023011,0.029537,-0.027628,0.014169,0.01515,0.021463,-0.039416,15.26738,15.315408,15.173631,15.280525,15.444843,61.539,2.341,26.750007,85.333322,OK,1,12.578,0,0,0,0,normal,
1998-08-04 00:02:00,0.021337,-0.002897,-0.006807,0.0165,0.019214,-0.039773,-0.025796,0.023984,0.0095,0.003635,-0.019713,0.008777,0.024379,0.046359,-0.007084,0.017542,15.523126,15.187295,15.545649,15.642856,15.454415,61.612,3.259,26.749991,85.33334,OK,1,12.614,0,0,0,0,normal,
1998-08-04 00:02:01,0.037098,-0.028974,0.035983,0.004013,0.001497,-0.010835,-0.007278,-0.0149,-0.01906,0.008992,0.022254,-0.020955,-0.013903,0.005127,-0.02229,0.004883,15.749414,15.219297,15.125124,15.018311,15.673264,63.106,3.057,26.750001,85.333325,OK,1,12.583,0,0,0,0,normal,
1998-08-04 00:02:02,-0.005394,-0.032759,0.009433,-0.01122,0.020501,-0.00391,-0.014226,-0.000665,0.024839,0.036836,0.011861,-0.011781,0.000652,-0.001968,-0.003005,-0.005088,15.507236,15.365246,15.432357,15.151266,15.865514,63.583,2.628,26.750003,85.333349,OK,1,12.548,0,0,0,0,normal,
1998-08-04 00:02:03,-0.019309,0.019512,0.017216,0.000463,0.025175,0.011821,-0.022329,-0.007088,0.029607,-0.007213,-0.013867,0.014448,-0.005604,0.011216,-0.000722,-0.015933,15.404498,15.400532,15.523807,15.474855,15.42343,59.317,1.859,26.750002,85.333337,OK,1,12.586,0,0,0,0,normal,
1998-08-04 00:02:04,-0.013862,-0.033715,-0.022104,0.012568,0.024115,-0.012209,-0.0275,0.022757,0.023349,0.014459,-0.029019,0.010302,0.011032,0.018012,0.00302,-0.015004,15.22283,15.475219,15.75733,15.650009,15.699562,61.842,2.718,26.750005,85.333327,OK,1,12.606,0,0,0,0,normal,
1998-08-04 00:02:05,-0.008091,0.023541,0.007591,-0.026161,0.034129,0.023111,0.03325,0.022686,-0.018568,0.0066,0.01207,-0.026886,-0.023448,0.014868,0.016454,0.047364,15.280935,15.185257,15.358021,15.394323,15.602016,62.251,2.694,26.749999,85.333312,OK,1,12.551,0,0,0,0,normal,
1998-08-04 00:02:06,-0.005208,-0.033659,-0.003023,0.016869,-0.007282,0.002035,-0.012842,0.023862,0.014892,-0.016401,-0.010439,-0.01359,-0.037192,-0.01524,-0.035457,0.018672,15.046919,15.691322,15.353811,15.300036,15.182992,62.952,2.595,26.749991,85.333332,OK,1,12.558,0,0,0,0,normal,
1998-08-04 00:02:07,0.020258,-0.005976,0.004094,0.02142,0.015676,0.040094,0.005188,0.029053,0.001902,-0.00239,0.013574,0.011043,-0.012158,-0.016481,0.001496,-0.037801,15.056657,15.552262,15.402292,15.129636,15.128612,62.315,2.119,26.749988,85.333333,OK,1,12.584,0,0,0,0,normal,
1998-08-04 00:02:08,-0.006151,-0.019647,-0.011527,-0.015575,0.015358,0.008934,0.001059,-0.007668,0.020694,0.018013,-0.002223,0.027095,-0.003791,0.004094,-0.011484,-0.007864,15.322668,15.723629,15.337906,15.089196,15.340676,62.772,1.976,26.749997,85.333346,OK,1,12.577,0,0,0,0,normal,
1998-08-04 00:02:09,-0.01254,0.013752,0.007524,-0.021055,0.011329,0.035859,-0.013202,-0.014345,0.000161,0.027565,-0.008766,0.036837,-0.021141,0.003761,-0.034025,-0.018723,15.337457,14.852625,15.381143,15.345815,15.531243,61.822,2.758,26.75002,85.333332,OK,1,12.603,0,0,0,0,normal,
1998-08-04 00:02:10,-0.004268,0.005404,0.024815,-0.013987,0.008413,-0.026782,0.020197,0.026208,0.02075,0.020721,-0.001828,0.005534,-0.00194,-0.00091,-0.014873,0.005633,15.763952,15.619474,15.340383,15.172855,15.908833,60.984,1.814,26.750004,85.333345,OK,1,12.575,0,0,0,0,normal,
1998-08-04 00:02:11,0.008356,0.019706,0.007842,0.017622,-0.014885,0.028469,-0.004825,-0.040975,-0.00779,0.011534,0.001644,-0.03884,0.004303,0.002535,-0.019429,0.01129,15.408144,15.399086,15.391475,15.435917,15.367428,63.385,2.299,26.75,85.333337,OK,1,12.595,0,0,0,0,normal,
1998-08-04 00:02:12,-0.002677,-0.039022,0.013902,0.003496,0.030271,-0.017299,-0.004661,0.02132,-0.018312,0.020615,0.021137,0.006276,-0.003303,-0.012946,-0.014422,0.006217,15.283687,15.289048,15.391869,15.289735,15.255851,63.448,2.969,26.749986,85.333338,OK,1,12.609,0,0,0,0,normal,
1998-08-04 00:02:13,-0.057549,-0.011141,-0.013899,-0.019761,0.003714,-0.029396,0.024057,0.018272,0.027191,-0.010545,0.004156,0.016463,-0.002616,-0.011332,0.002394,-0.0041,15.421806,15.349525,15.701319,14.870326,15.618822,63.218,2.853,26.750013,85.333322,OK,1,12.56,0,0,0,0,normal,
1998-08-04 00:02:14,-0.021414,-0.047608,-0.018471,-0.047192,-0.0174,0.028381,-0.03697,0.008978,0.024454,-0.031453,0.035887,-0.001529,0.027163,0.005417,-0.009213,-0.058149,15.651818,14.987923,15.334064,15.328313,15.121099,63.5,1.574,26.749983,85.333346,OK,1,12.593,0,0,0,0,normal,
1998-08-04 00:02:15,-0.022296,0.013595,0.030746,-0.028093,-0.001193,-0.00892,0.008356,0.001767,-0.007434,0.012782,-0.013831,0.000225,0.015402,-0.014527,-0.007179,-0.01116,15.249099,15.182547,15.755116,15.591798,15.658973,60.814,2.739,26.749997,85.333325,OK,1,12.569,0,0,0,0,normal,
1998-08-04 00:02:16,0.009043,0.006991,-0.010363,0.006817,-0.056241,0.016705,0.017914,-0.010128,-0.014106,-0.00115,-0.018201,-0.015093,0.006157,0.016181,0.006357,0.057727,15.551038,15.180894,15.3018,15.504579,15.162278,61.526,4.126,26.750001,85.333328,OK,1,12.533,0,0,0,0,normal,
1998-08-04 00:02:17,0.024972,0.014708,0.013984,0.001735,0.010093,0.003952,0.021017,-0.005583,-0.006652,0.023561,-0.0092,-0.018899,-0.014963,0.014972,0.053438,-0.017754,15.551325,15.360661,15.333761,15.550918,15.497578,63.982,3.04,26.74999,85.333318,OK,1,12.587,0,0,0,0,normal,
1998-08-04 00:02:18,0.012903,0.003076,0.022564,0.012728,0.023804,0.005843,-0.016695,-0.0136,0.00424,0.009342,-0.007684,0.040301,0.018824,-0.041678,-0.002458,-0.020594,15.338534,15.642593,15.194515,15.533914,15.529348,62.852,2.28,26.750018,85.33335,OK,1,12.589,0,0,0,0,normal,
1998-08-04 00:02:19,0.038126,-0.044387,0.008375,0.002466,0.016278,0.006455,0.041386,0.018359,-0.036762,0.028084,0.004063,0.028118,-0.006342,-0.021247,-0.025028,0.021228,15.3508,15.477936,15.162486,15.597514,15.375729,62.417,3.546,26.749998,85.333359,OK,1,12.546,0,0,0,0,normal,
1998-08-04 00:02:20,0.015944,-0.011839,-0.053402,0.021993,-0.04075,0.043478,-0.028908,0.000282,0.0046,0.007297,0.006486,0.002609,-0.008681,-0.004469,-0.013036,0.002318,15.310126,15.624472,15.273802,15.132978,15.103345,61.971,4.259,26.750013,85.333333,OK,1,12.568,0,0,0,0,normal,
1998-08-04 00:02:21,-0.035078,0.006309,-0.001973,0.016829,-0.006073,0.012045,0.011041,-0.002781,0.007058,-0.026853,0.026831,-0.010911,-0.003566,-0.021057,-0.015364,0.032871,15.537814,15.160526,15.767571,15.000226,15.755903,64.266,3.191,26.750023,85.333313,OK,1,12.564,0,0,0,0,normal,
1998-08-04 00:02:22,0.002758,-0.005936,-0.006047,0.00004,0.014449,0.003877,0.004304,-0.018463,-0.005876,0.00313,-0.000624,-0.008317,-0.01015,0.008711,0.009204,0.019788,15.460736,15.39919,15.309549,15.49836,15.411006,59.724,1.115,26.749998,85.333351,OK,1,12.593,0,0,0,0,normal,
1998-08-04 00:02:23,0.003916,-0.041524,0.047166,-0.000176,-0.0082,-0.001163,-0.007922,-0.016374,0.012291,-0.002971,-0.001789,-0.050056,-0.00453,-0.021532,-0.010449,0.004726,15.641094,15.443279,15.450494,15.347711,15.409044,62.836,2.993,26.749997,85.333345,OK,1,12.545,0,0,0,0,normal,
1998-08-04 00:02:24,-0.01227,-0.009511,0.001932,-0.01013,-0.021106,-0.03443,0.006732,-0.01033,-0.03331,0.024913,0.006761,-0.023759,-0.014093,0.020928,-0.003509,-0.008367,15.483874,15.08028,15.152677,15.570966,15.456487,62.31,3.579,26.74999,85.333326,OK,1,12.578,0,0,0,0,normal,
1998-08-04 00:02:25,0.015014,-0.003356,0.024593,-0.008254,-0.011407,0.000332,0.019294,0.00499,0.002071,-0.016148,-0.019086,0.019316,0.021417,0.020772,0.015821,0.00893,15.387376,15.42786,15.493689,15.316221,15.268512,60.547,0.849,26.750004,85.33334,OK,1,12.529,0,0,0,0,normal,
1998-08-04 00:02:26,0.008624,0.002672,0.011241,-0.000834,0.011185,0.018351,-0.025155,0.021926,-0.001156,0.029164,0.025409,-0.020615,0.000013,-0.037317,-0.007722,0.007115,15.465181,15.230337,15.507662,15.085495,15.631843,64.865,3.25,26.750002,85.333329,OK,1,12.583,0,0,0,0,normal,
1998-08-04 00:02:27,0.016939,0.001385,0.008855,-0.014049,-0.00038,-0.011803,0.005651,0.027795,-0.001139,-0.027422,0.003926,0.014109,-0.018361,0.024837,-0.011927,-0.015205,15.522349,15.479036,15.624368,15.760925,15.630704,58.42,2.338,26.749991,85.333357,OK,1,12.578,0,0,0,0,normal,
1998-08-04 00:02:28,-0.035612,0.005376,0.03632,0.007335,-0.014684,0.010264,0.016007,0.023213,-0.0247,0.031061,0.004269,0.035064,0.003112,0.011535,-0.018973,0.019697,15.061452,15.173712,15.304663,15.434845,15.533159,62.653,3.552,26.750004,85.333344,OK,1,12.565,0,0,0,0,normal,
1998-08-04 00:02:29,-0.021538,0.005376,-0.008611,-0.001762,0.021704,-0.0071,0.022113,-0.008139,0.002618,0.042996,0.002434,-0.001517,0.002799,-0.006605,-0.020027,0.041183,15.286254,15.468756,15.280326,15.3091,15.150071,63.279,2.443,26.75001,85.333328,OK,1,12.604,0,0,0,0,normal,
1998-08-04 00:02:30,-0.008126,-0.03045,-0.003108,0.007137,-0.004156,-0.000975,-0.003278,0.008511,0.01638,-0.003849,0.051793,0.020818,-0.000109,-0.026369,0.002285,0.016278,15.248512,15.162821,15.237984,15.643887,15.243278,61.039,2.775,26.750001,85.333325,OK,1,12.523,0,0,0,0,normal,
1998-08-04 00:02:31,0.016431,-0.037053,0.002307,-0.009612,0.029944,0.002474,-0.045684,0.007367,-0.038998,0.009002,0.051744,0.027207,0.005177,-0.013189,0.025483,0.012718,15.961369,15.533556,15.471859,15.263221,15.574954,62.932,2.788,26.750008,85.333331,OK,1,12.574,0,0,0,0,normal,
1998-08-04 00:02:32,-0.005337,-0.010775,-0.018135,0.007494,-0.008335,0.003357,0.018555,-0.008834,0.012902,0.024447,0.007904,0.013991,0.008053,0.000325,0.016743,0.032184,15.321477,15.461007,15.948622,15.417393,15.66646,62.195,3.071,26.750016,85.333317,OK,1,12.599,0,0,0,0,normal,
1998-08-04 00:02:33,0.0171,-0.003872,-0.003349,-0.002601,0.018949,-0.010525,-0.020487,0.009378,0.000433,0.029626,-0.045133,0.004162,-0.008075,0.016206,-0.0056,-0.011521,15.297661,15.431299,15.792456,15.312903,15.800786,64.029,2.858,26.750005,85.333358,OK,1,12.577,0,0,0,0,normal,
1998-08-04 00:02:34,0.018718,0.02558,-0.001954,-0.00157,0.025412,0.023177,0.020629,-0.008055,-0.013169,0.032733,0.012194,-0.01483,-0.002127,0.001699,-0.002113,-0.005845,15.581517,15.327473,15.566448,15.634477,15.564328,67.832,1.781,26.749993,85.333335,OK,1,12.602,0,0,0,0,normal,
1998-08-04 00:02:35,0.024612,0.010568,0.045066,0.025708,0.002726,0.028342,0.007057,0.048366,-0.006299,0.009061,-0.012014,-0.007621,-0.006828,0.024725,0.004161,-0.049179,15.12757,15.296187,15.392111,15.426728,15.565749,63.084,2.29,26.749997,85.333342,OK,1,12.565,0,0,0,0,normal,
1998-08-04 00:02:36,0.001873,-0.019478,-0.008813,0.023012,-0.026869,-0.024563,-0.033209,-0.007748,-0.033792,-0.032114,-0.004596,0.006274,-0.018223,0.007222,0.002213,0.010803,15.478782,15.176173,15.519282,15.565359,15.5552,63.498,2.495,26.74998,85.333321,OK,1,12.571,0,0,0,0,normal,
1998-08-04 00:02:37,-0.020813,0.039679,-0.022787,-0.012508,0.010299,0.002356,0.016938,-0.006198,-0.024536,-0.030501,0.035592,-0.00606,-0.003348,0.036028,-0.009842,0.000485,15.661003,15.611632,15.536683,15.430814,15.112655,61.144,3.484,26.74999,85.333342,OK,1,12.598,0,0,0,0,normal,
1998-08-04 00:02:38,-0.020651,-0.026246,0.037796,0.038073,0.020421,0.01975,0.015087,-0.014786,0.005815,-0.010076,-0.051795,0.022385,0.011093,-0.026344,-0.007206,0.021044,15.532355,15.487969,15.500747,15.191081,15.23022,62.943,2.887,26.749998,85.333327,OK,1,12.592,0,0,0,0,normal,
1998-08-04 00:02:39,0.002639,-0.033976,-0.024264,0.037146,0.001317,0.02117,0.036767,-0.009177,0.007041,-0.039333,-0.012141,0.011515,-0.003842,0.009038,0.018598,0.011205,15.658624,15.440082,15.584293,15.453657,15.453944,62.077,1.974,26.750004,85.333335,OK,1,12.621,1,0,0,0,normal,
1998-08-04 00:02:40,0.006616,0.003817,-0.011364,-0.018474,0.027112,0.015848,-0.015783,0.001282,-0.027838,-0.009558,0.010714,0.005204,0.002315,-0.017672,-0.021729,0.019,15.63719,15.346324,15.468757,15.357078,15.362634,63.819,1.764,26.749998,85.333328,OK,1,12.575,0,0,0,0,normal,
1998-08-04 00:02:41,0.033872,0.010999,-0.003446,0.024501,-0.016843,0.021061,-0.011932,-0.01095,-0.006656,-0.002024,0.018299,-0.026087,-0.012088,0.004193,0.011157,-0.034097,15.389217,15.495478,15.355301,15.702202,15.27213,60.527,3.024,26.749991,85.333347,OK,1,12.577,0,0,0,0,normal,
1998-08-04 00:02:42,-0.015808,-0.034975,-0.013989,-0.008747,0.010055,-0.04582,0.013065,-0.010187,-0.006818,0.019426,0.026898,-0.013102,-0.013237,-0.007084,-0.013336,-0.028702,15.415173,15.364601,15.741943,15.491858,15.658916,61.07,2.12,26.750015,85.33332,OK,1,12.564,0,0,0,0,normal,
1998-08-04 00:02:43,-0.000628,-0.0132,0.001957,0.034174,-0.002113,-0.015114,-0.005444,0.002574,-0.003309,-0.011257,-0.033135,0.012673,-0.017865,0.02925,-0.007379,-0.01033,15.156909,15.507431,15.631947,15.470478,15.667117,64.465,3.103,26.749996,85.333338,OK,1,12.569,0,0,0,0,normal,
1998-08-04 00:02:44,-0.00943,0.003004,-0.017328,-0.013504,0.012447,-0.020354,0.010965,0.016549,0.013353,0.004673,-0.036083,-0.024214,-0.027108,-0.007568,0.000625,-0.023822,15.352016,15.737343,15.915253,15.382905,15.366373,63.025,2.455,26.749991,85.33334,OK,1,12.594,0,0,0,0,normal,
1998-08-04 00:02:45,-0.003454,0.013684,-0.019975,-0.016369,0.023619,-0.018546,0.006846,0.024785,-0.02363,-0.022134,-0.00463,0.001352,-0.012832,0.039426,0.010773,-0.016086,15.74758,15.772817,15.352331,15.372865,15.400546,64.71,3.668,26.750002,85.333341,OK,1,12.572,0,0,0,0,normal,
1998-08-04 00:02:46,-0.02732,-0.00126,0.008777,0.036809,0.001516,-0.004858,-0.019531,0.007408,0.020334,-0.035747,0.001494,-0.020403,-0.027151,0.03388,0.017746,-0.012124,15.18942,15.27458,15.257482,15.304751,15.451373,63.285,1.91,26.750023,85.333316,FA,1,12.556,0,0,0,0,normal,
1998-08-04 00:02:47,-0.003229,-0.006346,-0.022513,-0.010816,0.015679,-0.011316,0.009281,-0.011161,-0.023684,0.023888,-0.042607,0.0357,0.019959,0.003654,-0.008918,-0.007359,15.506538,15.769795,15.260024,15.65656,15.416897,63.518,3.651,26.750015,85.333328,OK,1,12.565,0,0,0,0,normal,
1998-08-04 00:02:48,0.004049,0.003695,-0.019184,0.001356,0.005174,-0.006013,0.044784,-0.002679,-0.035267,-0.020206,0.014071,-0.014449,-0.019876,0.027907,0.003396,-0.012024,15.451165,15.596022,15.236513,15.53754,15.494348,62.304,3.287,26.750007,85.333339,OK,1,12.57,0,0,0,0,normal,
1998-08-04 00:02:49,-0.055375,0.012407,0.00031,0.026015,-0.021892,-0.007465,0.005972,0.025119,0.005169,-0.014149,0.025955,-0.006246,0.003601,0.015013,0.031264,0.007378,15.560888,15.520232,15.953458,15.33485,15.356198,62.492,2.148,26.750014,85.333334,OK,1,12.557,0,0,0,0,normal,
1998-08-04 00:02:50,0.31034,0.163469,0.120173,0.127648,0.210018,0.236589,0.214669,0.139742,0.204299,0.205695,0.194597,0.301472,0.229735,0.165342,0.111092,0.243741,15.339087,15.35262,15.336238,15.701519,15.747816,64.244,1.797,26.749992,85.333336,OK,1,12.562,1,1,0,0,vehicle_pass,vehicle detected by loop
1998-08-04 00:02:51,-0.010561,-0.016946,-0.000442,-0.007839,0.010324,0.007655,-0.006478,0.024846,-0.018529,0.020129,0.003123,-0.007888,0.022588,0.011143,-0.021512,0.00728,15.350861,15.298539,15.559293,15.354566,15.591597,62.597,4.042,26.750017,85.333337,OK,1,12.551,0,0,0,0,normal,
1998-08-04 00:02:52,0.00726,0.020148,0.011707,0.013138,-0.008828,-0.004194,-0.005043,-0.031974,0.025733,-0.022383,0.005374,-0.006622,-0.004769,0.013551,-0.015606,0.009132,15.506867,15.163134,15.775784,15.825458,15.343725,64.602,1.778,26.749995,85.333332,OK,1,12.563,0,0,0,0,normal,
1998-08-04 00:02:53,0.009322,-0.015512,0.018223,0.027349,0.040494,-0.005241,0.003822,0.005044,0.013315,0.034971,0.009737,0.010281,-0.021893,0.040973,-0.009507,-0.053192,15.389992,15.524705,15.534423,15.599241,15.869573,62.676,2.745,26.750003,85.333335,OK,1,12.594,0,0,0,0,normal,
1998-08-04 00:02:54,-0.045514,0.006502,-0.025462,0.001076,-0.029895,0.006101,0.011286,0.003517,-0.013927,0.017571,-0.007987,-0.003767,-0.010194,-0.005358,0.037425,-0.000099,15.433369,15.309099,15.192895,15.322573,15.462133,61.085,2.776,26.75,85.333343,OK,1,12.572,0,0,0,0,normal,
1998-08-04 00:02:55,-0.025393,-0.019185,-0.005524,-0.015893,0.018993,-0.028339,-0.002381,0.020213,-0.012602,0.008781,-0.000807,-0.000631,0.010238,-0.037177,0.024067,-0.03794,15.828874,15.36644,15.51472,15.466678,15.707641,60.963,2.508,26.750021,85.333343,OK,1,12.62,0,0,0,0,normal,
1998-08-04 00:02:56,0.022718,0.00868,0.009463,0.032291,0.023669,0.016284,-0.005891,-0.007214,0.01683,0.009057,0.006023,-0.001139,-0.008156,-0.0278,0.012871,-0.003634,15.97653,15.364969,15.373255,15.679975,15.607521,62.626,3.125,26.750007,85.333344,OK,1,12.555,0,0,0,0,normal,
1998-08-04 00:02:57,-0.004934,-0.036251,0.001854,-0.027267,-0.008693,0.015854,0.001266,-0.002108,-0.014532,-0.010951,0.031707,0.015595,-0.009242,-0.002111,0.004947,0.008762,15.841642,15.589087,15.400443,15.590432,15.694042,64.271,1.756,26.750007,85.333335,OK,1,12.58,0,0,0,0,normal,
1998-08-04 00:02:58,-0.000486,-0.035408,-0.00063,-0.00185,0.041146,0.053835,0.012843,-0.013543,0.01358,-0.03397,-0.010654,-0.032528,0.011011,-0.024213,-0.00574,-0.000883,15.637532,15.574891,15.686771,15.707295,15.749868,61.914,4.046,26.749995,85.333328,OK,1,12.575,0,0,0,0,normal,
1998-08-04 00:02:59,-0.000579,-0.009457,0.006734,-0.025085,0.034786,-0.020681,0.000794,0.012499,0.013654,0.015507,-0.031855,-0.018348,0.002717,0.009623,0.025143,-0.01028,15.604289,15.441124,15.50389,15.715849,15.31116,64.024,1.84,26.75,85.333336,OK,1,12.583,0,0,0,0,normal,
1998-08-04 00:03:00,-0.0181,-0.010937,0.045189,0.030009,-0.00339,0.025696,-0.01145,0.01909,-0.027578,0.00713,0.020389,-0.006533,0.012268,-0.011231,0.006071,-0.009631,15.549371,15.396968,15.481385,15.731326,15.513856,63.091,2.385,26.750012,85.333332,OK,1,12.558,0,0,0,0,normal,
1998-08-04 00:03:01,0.016383,-0.025287,-0.020304,0.026114,-0.049189,-0.01282,-0.002842,0.00706,-0.009556,-0.022515,0.024526,0.021065,-0.007586,-0.035813,0.006123,0.003635,15.485989,15.20473,15.625952,15.605798,15.909352,63.864,1.349,26.749997,85.333336,OK,1,12.562,0,0,0,0,normal,
1998-08-04 00:03:02,-0.013341,-0.039101,-0.005431,0.015331,0.018343,-0.000884,-0.012469,0.014689,-0.02274,-0.027096,-0.001769,0.030929,0.031679,-0.026356,-0.008745,0.048678,15.416188,15.521574,15.52762,15.793234,15.458684,62.534,3.337,26.750005,85.333328,OK,1,12.578,0,0,0,0,normal,
1998-08-04 00:03:03,-0.013768,0.032395,0.01952,0.023817,-0.008917,-0.008325,-0.018212,0.015977,-0.03273,-0.003268,0.032689,0.011891,0.020053,-0.032881,-0.019882,0.023683,15.534567,15.600342,15.516084,15.389476,15.51758,63.257,4.01,26.749993,85.33334,OK,1,12.559,0,0,0,0,normal,
1998-08-04 00:03:04,0.002516,-0.020793,0.012528,-0.010671,0.050751,0.011981,-0.018452,0.01762,0.032295,-0.000119,-0.015359,0.000886,-0.012256,-0.005166,-0.027777,0.017504,15.694484,15.274455,15.506352,15.339734,15.718767,64.405,4.107,26.749999,85.333345,OK,1,12.534,0,0,0,0,normal,
1998-08-04 00:03:05,-0.022986,0.012163,-0.006082,0.004458,-0.009494,0.003924,0.008653,-0.007017,-0.034591,0.00674,0.007817,-0.028655,-0.019622,-0.006956,-0.045897,0.014158,15.176092,15.368945,15.556172,15.793834,15.46758,62.985,3.408,26.750003,85.333333,OK,1,12.595,0,0,0,0,normal,
1998-08-04 00:03:06,-0.009776,0.005771,-0.021245,0.04035,-0.028412,-0.009969,0.023982,-0.022988,0.00182,0.012537,-0.030129,-0.013373,0.003803,0.009066,-0.016446,0.036811,15.370638,15.85791,15.192075,15.041917,15.569681,62.237,2.203,26.749989,85.333334,OK,1,12.587,0,0,0,0,normal,
1998-08-04 00:03:07,0.009619,0.015533,0.01436,-0.031266,-0.002295,-0.000325,-0.005087,0.004149,-0.042146,0.002562,-0.006066,-0.042321,0.008448,-0.023624,-0.00761,-0.005088,15.382192,15.278357,15.624275,15.531363,15.369788,60.312,2.501,26.749991,85.333321,OK,1,12.56,0,0,0,0,normal,
1998-08-04 00:03:08,-0.036924,-0.034687,0.010908,-0.012076,-0.007858,0.001457,-0.035164,-0.008154,-0.002212,0.035291,-0.018406,0.015778,-0.000036,-0.022712,-0.012659,0.017325,15.227444,15.657996,15.613545,15.46367,15.852832,63.864,2.242,26.750016,85.333329,OK,1,12.573,0,0,0,0,normal,
1998-08-04 00:03:09,0.01554,-0.010406,0.006874,-0.02074,-0.003531,-0.008592,0.018636,0.009257,-0.013521,-0.01153,-0.000581,-0.003226,-0.00559,-0.007039,0.027584,-0.009038,15.270366,15.179278,15.346001,15.475265,15.533051,61.909,1.529,26.750009,85.333322,OK,1,12.589,0,0,0,0,normal,
1998-08-04 00:03:10,0.006,0.048453,-0.01693,0.003854,0.004889,-0.000222,0.000822,-0.01758,0.007177,-0.036745,0.035957,0.034261,-0.006585,0.021035,-0.005867,0.000196,15.43699,15.555648,15.234929,15.77399,15.468807,62.299,2.264,26.749993,85.333326,OK,1,12.595,0,0,0,0,normal,
1998-08-04 00:03:11,-0.013619,0.016395,-0.011626,0.015703,-0.000841,-0.000345,-0.029826,0.001197,-0.022917,0.001232,0.038795,-0.027791,-0.002938,-0.01271,-0.020806,-0.015825,15.709527,15.554613,15.577418,15.600021,15.575609,61.487,3.227,26.750007,85.333338,FA,1,12.57,0,0,0,0,normal,
1998-08-04 00:03:12,0.029416,0.03473,-0.020927,0.008018,-0.01838,-0.013566,-0.040985,0.042637,0.021966,-0.013034,0.005697,-0.008,0.018919,-0.006825,-0.003895,-0.013241,15.615419,15.752705,15.526179,15.628675,15.468927,62.762,1.806,26.749987,85.333319,OK,1,12.556,0,0,0,0,normal,
1998-08-04 00:03:13,0.012078,0.044187,-0.005685,-0.005915,-0.000503,0.005204,-0.00598,-0.007845,0.00165,-0.035021,-0.010948,-0.04002,-0.009853,-0.018965,0.01254,-0.014704,15.775681,15.352379,15.847846,15.479626,15.201502,66.267,0.675,26.750005,85.333347,OK,1,12.597,0,0,0,0,normal,
1998-08-04 00:03:14,-0.00731,-0.042957,0.020448,-0.021728,-0.009653,0.015562,0.015637,-0.022216,0.010539,-0.022975,0.004646,-0.015685,-0.020302,0.000705,-0.01447,0.040372,15.514038,15.352207,15.656546,15.357892,15.39918,63.663,1.498,26.750013,85.333326,OK,1,12.57,0,0,0,0,normal,
1998-08-04 00:03:15,-0.012356,-0.023839,-0.017977,-0.000348,0.00224,0.00619,0.01823,-0.033418,0.019143,-0.018278,0.008033,0.034422,-0.015965,-0.016794,-0.020486,-0.00676,15.111244,15.398691,15.004376,15.172372,15.641235,62.182,3.155,26.749996,85.333338,OK,1,12.565,0,0,0,0,normal,
1998-08-04 00:03:16,0.025308,-0.022286,-0.009875,0.019515,0.012479,-0.009994,-0.004218,0.018317,0.031635,0.03402,0.027596,-0.013401,0.036373,-0.014778,-0.033023,0.002247,15.647024,15.574955,15.296469,15.480322,15.489143,62.477,1.125,26.750006,85.333336,OK,1,12.573,0,0,0,0,normal,
1998-08-04 00:03:17,0.029524,0.013272,-0.001474,0.005827,0.010643,0.002951,-0.005907,-0.014815,0.002246,-0.002451,0.000072,0.02092,-0.004953,-0.004163,0.003798,0.052517,15.258879,15.791231,15.666024,15.446359,15.495929,61.017,2.122,26.749996,85.333338,OK,1,12.59,0,0,0,0,normal,
1998-08-04 00:03:18,-0.021838,0.021838,-0.00598,-0.00122,-0.026243,0.037609,0.004451,0.013177,-0.029976,-0.012845,0.00825,-0.00322,0.008934,0.042057,0.010092,-0.008975,15.532892,15.082868,15.44178,15.354819,15.290891,61.493,2.193,26.750002,85.333335,OK,1,12.566,0,0,0,0,normal,
1998-08-04 00:03:19,-0.013027,-0.015307,-0.008553,-0.00771,0.002378,0.010566,0.008709,0.002642,0.004023,0.050713,-0.014449,-0.000737,-0.035706,-0.007658,-0.017976,-0.014597,15.435635,15.851393,15.620024,15.377619,15.606372,61.268,2.706,26.750009,85.333344,OK,1,12.587,0,0,0,0,normal,